asdf_id,oco2_xco2_yearly.2015.mean,oco2_xco2_yearly.2015.max,oco2_xco2_yearly.2015.min,oco2_xco2_yearly.2017.mean,oco2_xco2_yearly.2017.max,oco2_xco2_yearly.2017.min,oco2_xco2_yearly.2018.mean,oco2_xco2_yearly.2018.max,oco2_xco2_yearly.2018.min,oco2_xco2_yearly.2016.mean,oco2_xco2_yearly.2016.max,oco2_xco2_yearly.2016.min,adm,gbid,Level,adm_int,feature_id,iso,gqid
0,400.05864309,401.263173421,399.089583177,405.41329947,406.224599202,404.490836807,407.755578136,408.034622192,407.391954695,405.79124977,406.276153564,401.507659913,ADM2,BDI_ADM2_1_3_3_0,ADM2,2,0,BDI,0
1,400.023987625,401.304696401,399.090165138,405.767818927,406.224599202,405.216710554,407.767935409,408.027770214,407.549535936,405.313348272,405.804893917,404.401638879,ADM2,BDI_ADM2_1_3_3_1,ADM2,2,1,BDI,1
2,400.10429083,401.346219381,399.090165138,406.003483362,406.224599202,405.320170084,407.547668094,408.027770214,407.179621435,404.757788962,405.33363427,403.862997182,ADM2,BDI_ADM2_1_3_3_2,ADM2,2,2,BDI,2
3,401.157273626,401.354920523,400.457407634,405.994385422,406.221599731,405.661573356,407.399097384,407.608050671,407.179621435,404.260201274,405.33363427,403.862997182,ADM2,BDI_ADM2_1_3_3_3,ADM2,2,3,BDI,3
4,400.152672528,402.068939209,399.089583177,404.697174181,405.216710554,404.339235336,407.198996638,407.831191524,406.344980876,402.661675412,406.276153564,398.884084602,ADM2,BDI_ADM2_1_3_3_4,ADM2,2,4,BDI,4
5,401.303087858,402.068939209,400.415884654,405.4471841,405.723180358,404.771847753,407.69296852,407.865531675,407.515195785,404.645508038,405.804893917,404.277398682,ADM2,BDI_ADM2_1_3_3_5,ADM2,2,5,BDI,5
6,400.906958837,401.346219381,399.751368172,406.27746921,406.585681844,406.156305601,407.148877598,407.316229516,406.917544457,404.079457847,404.210016632,403.499081328,ADM2,BDI_ADM2_1_3_3_6,ADM2,2,6,BDI,6
7,400.352377141,402.068939209,399.3516068,404.529566547,404.805585643,404.150939941,406.843588406,407.898470664,404.392684937,401.01525459,404.412162781,398.157234193,ADM2,BDI_ADM2_1_3_3_7,ADM2,2,7,BDI,7
8,400.26961308,401.354920523,399.26743684,406.095634781,406.689169733,405.284186336,407.260789023,407.762511222,406.883204307,403.621203969,404.277398682,403.376258064,ADM2,BDI_ADM2_1_3_3_8,ADM2,2,8,BDI,8
9,401.337806579,402.068939209,399.629529572,405.015577603,405.314989837,404.593804932,407.805599049,408.00982666,407.340289525,403.831026432,404.412162781,398.884084602,ADM2,BDI_ADM2_1_3_3_9,ADM2,2,9,BDI,9
10,399.438173941,400.341607819,398.928194641,406.144671454,406.714104455,405.74811508,407.191231348,407.480855634,406.608027141,403.456855014,403.511852473,403.417199152,ADM2,BDI_ADM2_1_3_3_10,ADM2,2,10,BDI,10
11,399.867963093,400.931847466,398.810548865,404.667969948,405.314989837,404.326984951,407.460361403,408.00982666,405.956998763,401.585997895,403.382643636,398.157234193,ADM2,BDI_ADM2_1_3_3_11,ADM2,2,11,BDI,11
12,399.987562419,401.711929866,399.121043437,405.384035173,405.797984525,404.839323534,407.598400798,408.00982666,406.930501302,403.236738376,404.344780731,400.912214491,ADM2,BDI_ADM2_1_3_3_12,ADM2,2,12,BDI,12
13,399.828299628,401.254898253,398.735345846,406.342909496,406.700845418,405.972681193,406.775537714,407.179621435,406.285552979,403.738979612,404.142634583,403.499081328,ADM2,BDI_ADM2_1_3_3_13,ADM2,2,13,BDI,13
14,399.253467061,399.751368172,398.928194641,406.607807999,406.714104455,406.25604449,406.771599739,406.917544457,406.601548718,403.513414378,403.546407989,403.470911385,ADM2,BDI_ADM2_1_3_3_14,ADM2,2,14,BDI,14
15,398.983095989,399.456248348,398.735345846,406.582778441,406.714104455,406.269885823,406.529317618,406.883204307,406.285552979,403.549186091,403.593734649,403.505466901,ADM2,BDI_ADM2_1_3_3_15,ADM2,2,15,BDI,15
16,399.310703859,399.794755724,398.942704111,405.067578342,405.364859281,404.839323534,407.289789798,408.00982666,407.091738383,401.47137467,402.171092394,399.700663249,ADM2,BDI_ADM2_1_3_3_16,ADM2,2,16,BDI,16
17,399.694528002,400.477241516,397.611419678,403.705848906,404.593804932,402.955377791,405.565733677,407.340289525,404.677452449,402.382210017,403.100728353,398.157234193,ADM2,BDI_ADM2_1_3_3_17,ADM2,2,17,BDI,17
18,399.046090412,400.375452456,397.611419678,404.131394847,404.484950474,402.955377791,406.16428706,406.794877486,405.246987471,402.068998352,403.073071289,398.157234193,ADM2,BDI_ADM2_1_3_3_18,ADM2,2,18,BDI,18
19,399.137034573,399.313892233,398.810548865,404.8513887,404.906799316,404.484950474,407.202167666,407.393953959,405.956998763,400.543579256,402.546062012,399.700663249,ADM2,BDI_ADM2_1_3_3_19,ADM2,2,19,BDI,19
20,399.119309807,399.531096282,398.968619426,405.959308152,406.280979212,405.773049802,406.938388416,407.446515483,406.769264221,403.191561519,403.477296957,402.218419054,ADM2,BDI_ADM2_1_3_3_20,ADM2,2,20,BDI,20
21,398.749987052,398.831770244,398.679346232,406.709128863,406.882886474,406.45192688,406.392384377,406.448108419,406.285552979,403.575834861,403.600120221,403.552793561,ADM2,BDI_ADM2_1_3_3_21,ADM2,2,21,BDI,21
22,399.071757067,399.794755724,397.611419678,404.40960907,404.873061425,404.160321917,406.223046025,408.00982666,405.651678467,402.305873182,402.546062012,400.912214491,ADM2,BDI_ADM2_1_3_3_22,ADM2,2,22,BDI,22
23,399.163442988,399.531096282,399.065043823,405.613315974,405.822919247,405.339924559,407.080115756,407.446515483,406.930501302,402.230879719,403.429970296,400.959541152,ADM2,BDI_ADM2_1_3_3_23,ADM2,2,23,BDI,23
24,399.008059082,399.161468221,398.912619812,406.036945538,406.305913934,405.364859281,406.874533354,407.188910199,406.741807875,402.501872828,403.477296957,400.959541152,ADM2,BDI_ADM2_1_3_3_24,ADM2,2,24,BDI,24
25,398.743769852,398.77577063,398.679346232,406.826412605,407.064927531,406.633967936,406.427582339,406.542707272,406.349203299,403.561485034,403.600120221,403.470435588,ADM2,BDI_ADM2_1_3_3_25,ADM2,2,25,BDI,25
26,398.921224798,399.024619039,398.77577063,406.549605668,406.882886474,406.25604449,406.670510728,406.778822679,406.44679006,403.479699136,403.559179133,402.265745714,ADM2,BDI_ADM2_1_3_3_26,ADM2,2,26,BDI,26
27,399.104823273,399.173385128,398.942704111,405.220380868,405.433115641,404.906799316,407.224549129,407.393953959,407.095330878,400.567640238,400.959541152,399.700663249,ADM2,BDI_ADM2_1_3_3_27,ADM2,2,27,BDI,27
28,399.097374396,399.173385128,399.00904421,405.505679895,405.862294515,405.003936767,407.078536243,407.272092379,406.918569376,401.01461923,402.218419054,400.358852811,ADM2,BDI_ADM2_1_3_3_28,ADM2,2,28,BDI,28
29,399.964330026,400.633783977,399.414642334,403.060373896,403.42443996,402.547402276,405.443915552,405.649307376,405.127063987,401.744359621,403.030907767,401.45401001,ADM2,BDI_ADM2_1_3_3_29,ADM2,2,29,BDI,29
30,399.106751738,399.34941286,398.46913147,404.829951567,405.003936767,404.192066866,407.146285821,407.393953959,406.091178894,400.474372517,402.217113992,399.700663249,ADM2,BDI_ADM2_1_3_3_30,ADM2,2,30,BDI,30
31,398.815705581,398.939578843,398.762387561,406.847692553,407.064927531,406.69738973,406.582457838,406.736211245,406.448108419,403.511001316,403.565564705,403.060968696,ADM2,BDI_ADM2_1_3_3_31,ADM2,2,31,BDI,31
32,398.910062621,399.00904421,398.824718723,406.376726755,406.7639739,405.862294515,406.732673238,406.918569376,406.610663859,402.615288703,403.524623617,401.380815973,ADM2,BDI_ADM2_1_3_3_32,ADM2,2,32,BDI,32
33,398.812411467,399.007674859,398.7578839,406.790537026,407.246968587,406.572171246,406.438695871,406.606357592,406.41285362,403.563933197,403.879672581,403.470435588,ADM2,BDI_ADM2_1_3_3_33,ADM2,2,33,BDI,33
34,399.065197223,399.699491613,398.46913147,404.399428131,404.906799316,403.177145822,406.355945754,407.393953959,405.651678467,401.869357627,402.618557579,399.700663249,ADM2,BDI_ADM2_1_3_3_34,ADM2,2,34,BDI,34
35,398.820003595,399.007674859,398.7578839,407.049937808,407.246968587,406.572171246,406.542372842,406.606357592,406.41285362,403.583236472,403.879672581,403.470435588,ADM2,BDI_ADM2_1_3_3_35,ADM2,2,35,BDI,35
36,400.355089122,400.740112305,399.699491613,402.942079753,404.160321917,402.370686002,405.604010198,405.716695233,405.531754983,402.504724147,403.030907767,401.852485426,ADM2,BDI_ADM2_1_3_3_36,ADM2,2,36,BDI,36
37,399.001356685,399.105468608,398.912619812,405.764716811,406.305913934,405.048653157,406.907557443,407.095330878,406.741807875,401.623863014,402.549987115,400.869834392,ADM2,BDI_ADM2_1_3_3_37,ADM2,2,37,BDI,37
38,399.007674859,399.007674859,399.007674859,406.572171246,406.572171246,406.572171246,406.47650394,406.47650394,406.47650394,403.879672581,403.879672581,403.879672581,ADM2,BDI_ADM2_1_3_3_38,ADM2,2,38,BDI,38
39,399.205463104,400.5607112,398.46913147,403.214126106,404.559092204,402.193969727,405.827432689,406.410741633,405.531754983,402.410169672,403.030907767,401.50468287,ADM2,BDI_ADM2_1_3_3_39,ADM2,2,39,BDI,39
40,399.075804804,399.257465818,399.007674859,406.533245809,406.572171246,406.429455406,406.493864427,406.54015426,406.47650394,403.996245532,404.307074505,403.879672581,ADM2,BDI_ADM2_1_3_3_40,ADM2,2,40,BDI,40
41,399.054514611,399.257465818,399.007674859,406.545409771,406.572171246,406.429455406,406.48843938,406.54015426,406.47650394,403.959817194,404.307074505,403.879672581,ADM2,BDI_ADM2_1_3_3_41,ADM2,2,41,BDI,41
42,398.972071664,399.22341781,398.762387561,407.117745152,407.246968587,406.69738973,406.623522033,406.736211245,406.542707272,403.572950774,404.279937744,403.060968696,ADM2,BDI_ADM2_1_3_3_42,ADM2,2,42,BDI,42
43,399.031027839,399.257465818,398.973626851,406.981005627,407.246968587,406.429455406,406.57942581,406.670007913,406.47650394,403.79177233,404.307074505,403.571950277,ADM2,BDI_ADM2_1_3_3_43,ADM2,2,43,BDI,43
44,399.253024774,399.257465818,399.22341781,406.488857626,406.884872437,406.429455406,406.557091692,406.670007913,406.54015426,404.303534928,404.307074505,404.279937744,ADM2,BDI_ADM2_1_3_3_44,ADM2,2,44,BDI,44
45,399.257465818,399.257465818,399.257465818,406.429455406,406.429455406,406.429455406,406.54015426,406.54015426,406.54015426,404.307074505,404.307074505,404.307074505,ADM2,BDI_ADM2_1_3_3_45,ADM2,2,45,BDI,45
46,399.038243272,399.105468608,398.987137832,405.256079611,405.598232015,404.87865092,406.996050965,407.095330878,406.881554573,401.723992817,402.196173096,400.869834392,ADM2,BDI_ADM2_1_3_3_46,ADM2,2,46,BDI,46
47,399.257465818,399.257465818,399.257465818,406.429455406,406.429455406,406.429455406,406.54015426,406.54015426,406.54015426,404.307074505,404.307074505,404.307074505,ADM2,BDI_ADM2_1_3_3_47,ADM2,2,47,BDI,47
48,399.257465818,399.257465818,399.257465818,406.429455406,406.429455406,406.429455406,406.54015426,406.54015426,406.54015426,404.307074505,404.307074505,404.307074505,ADM2,BDI_ADM2_1_3_3_48,ADM2,2,48,BDI,48
49,398.96264577,399.34941286,397.908416748,404.55913933,405.433115641,403.655067444,406.79682485,407.272092379,406.091178894,401.342276771,402.196173096,400.358852811,ADM2,BDI_ADM2_1_3_3_49,ADM2,2,49,BDI,49
50,398.974922432,399.189369802,398.824718723,406.226144826,406.7639739,405.598232015,406.787947671,406.929715217,406.610663859,402.707035302,403.758996582,401.380815973,ADM2,BDI_ADM2_1_3_3_50,ADM2,2,50,BDI,50
51,400.422159205,400.740112305,398.586334228,402.477110453,403.177145822,402.193969727,405.717136446,405.971324921,405.646936284,401.996805739,403.050750732,401.613793373,ADM2,BDI_ADM2_1_3_3_51,ADM2,2,51,BDI,51
52,399.257465818,399.257465818,399.257465818,406.429455406,406.429455406,406.429455406,406.54015426,406.54015426,406.54015426,404.307074505,404.307074505,404.307074505,ADM2,BDI_ADM2_1_3_3_52,ADM2,2,52,BDI,52
53,398.995484593,399.189369802,398.824718723,406.644988724,407.246968587,406.431340536,406.74438972,406.799861565,406.606357592,403.255228684,403.758996582,403.060968696,ADM2,BDI_ADM2_1_3_3_53,ADM2,2,53,BDI,53
54,399.253209818,399.257465818,399.22341781,406.486382534,406.884872437,406.429455406,406.556385966,406.670007913,406.54015426,404.30368241,404.307074505,404.279937744,ADM2,BDI_ADM2_1_3_3_54,ADM2,2,54,BDI,54
55,399.246116482,399.257465818,399.22341781,406.581261083,406.884872437,406.429455406,406.583438811,406.670007913,406.54015426,404.298028918,404.307074505,404.279937744,ADM2,BDI_ADM2_1_3_3_55,ADM2,2,55,BDI,55
56,399.257465818,399.257465818,399.257465818,406.429455406,406.429455406,406.429455406,406.54015426,406.54015426,406.54015426,404.307074505,404.307074505,404.307074505,ADM2,BDI_ADM2_1_3_3_56,ADM2,2,56,BDI,56
57,400.402028938,400.633783977,400.014746772,402.935239662,403.535672336,402.547402276,405.549646003,405.646936284,405.437659439,401.897572783,402.207690594,401.45401001,ADM2,BDI_ADM2_1_3_3_57,ADM2,2,57,BDI,57
58,399.243846615,399.257465818,399.22341781,406.611622216,406.884872437,406.429455406,406.59209572,406.670007913,406.54015426,404.296219801,404.307074505,404.279937744,ADM2,BDI_ADM2_1_3_3_58,ADM2,2,58,BDI,58
59,399.223089788,399.257465818,398.569945199,406.406684555,406.429455406,405.974038375,406.533661577,406.54015426,406.410300608,404.308431343,404.334211266,404.307074505,ADM2,BDI_ADM2_1_3_3_59,ADM2,2,59,BDI,59
60,399.051112947,399.371064745,398.924806669,405.486568063,406.147810872,404.87865092,406.915063351,407.12321919,406.7732193,402.427621338,404.177524185,401.528023953,ADM2,BDI_ADM2_1_3_3_60,ADM2,2,60,BDI,60
61,399.187920298,399.473208769,398.939578843,406.777595326,407.246968587,406.431340536,406.702050772,406.799861565,406.606357592,404.035288074,404.279937744,403.060968696,ADM2,BDI_ADM2_1_3_3_61,ADM2,2,61,BDI,61
62,399.128246137,399.371064745,399.087225778,404.739128496,405.428229777,404.513920711,406.996765211,407.12321919,406.904803861,402.34332391,404.177524185,401.675231934,ADM2,BDI_ADM2_1_3_3_62,ADM2,2,62,BDI,62
63,399.182082287,399.405112753,398.924806669,405.840721008,406.147810872,405.14651413,406.934900991,407.12321919,406.7732193,403.41774363,404.698465347,402.549987115,ADM2,BDI_ADM2_1_3_3_63,ADM2,2,63,BDI,63
64,398.850329054,399.473208769,398.569945199,406.307974976,406.884872437,405.974038375,406.535642695,406.733658233,406.410300608,404.266131949,404.334211266,404.200442107,ADM2,BDI_ADM2_1_3_3_64,ADM2,2,64,BDI,64
65,399.210491068,399.405112753,399.117296007,405.349720713,405.977808635,404.708648682,407.002922147,407.12321919,406.929715217,403.282060498,404.698465347,402.717114258,ADM2,BDI_ADM2_1_3_3_65,ADM2,2,65,BDI,65
66,399.366665173,399.473208769,399.189369802,406.547934248,406.884872437,406.117692948,406.749133028,406.863511885,406.670007913,404.08533918,404.279937744,403.677383423,ADM2,BDI_ADM2_1_3_3_66,ADM2,2,66,BDI,66
67,399.752065357,400.740112305,397.908416748,402.714458468,404.355995687,402.193969727,405.89599002,406.165158081,405.714324141,402.076049349,403.050750732,401.426414721,ADM2,BDI_ADM2_1_3_3_67,ADM2,2,67,BDI,67
68,399.306312369,399.439160761,399.155321794,406.068716415,406.431340536,405.584379578,406.88479665,406.993365538,406.799861565,403.861937702,404.698465347,403.23805542,ADM2,BDI_ADM2_1_3_3_68,ADM2,2,68,BDI,68
69,400.29556131,400.417433121,400.125316443,403.290828841,403.535672336,402.991726346,405.653929975,405.810142517,405.505047296,402.116165457,402.207690594,401.983167464,ADM2,BDI_ADM2_1_3_3_69,ADM2,2,69,BDI,69
70,399.344194697,399.620855704,399.117296007,405.133442512,405.584379578,404.283886719,407.098786968,407.316723163,406.993365538,404.205933441,405.11699295,403.656583023,ADM2,BDI_ADM2_1_3_3_70,ADM2,2,70,BDI,70
71,400.162816169,400.633783977,399.380371896,402.776216681,403.22139757,402.547402276,405.759298098,405.966702511,405.574806244,401.684543518,402.113670103,401.4894104,ADM2,BDI_ADM2_1_3_3_71,ADM2,2,71,BDI,71
72,398.258431219,399.283139315,397.908416748,403.357982672,404.513920711,402.866903178,406.275924163,408.580535889,405.861102295,401.695356066,403.649002075,401.426414721,ADM2,BDI_ADM2_1_3_3_72,ADM2,2,72,BDI,72
73,399.257872148,400.086418152,397.908416748,402.893375168,403.655067444,402.530436453,405.960042283,406.43752238,405.851470947,402.968184782,403.649002075,401.426414721,ADM2,BDI_ADM2_1_3_3_73,ADM2,2,73,BDI,73
74,399.040897889,399.390712805,397.908416748,404.348709691,405.14651413,402.930053711,406.669992102,407.316723163,405.870733643,402.825202412,405.11699295,401.426414721,ADM2,BDI_ADM2_1_3_3_74,ADM2,2,74,BDI,74
75,399.377052901,399.68895172,398.71280365,406.319485325,406.562252469,406.117692948,406.81549502,406.927162206,406.733658233,404.060794481,404.230987356,403.677383423,ADM2,BDI_ADM2_1_3_3_75,ADM2,2,75,BDI,75
76,399.569936969,400.286865502,399.204644775,403.004197031,403.330001652,402.46728592,405.957758766,406.43752238,405.78408309,401.767011053,403.649002075,401.517771403,ADM2,BDI_ADM2_1_3_3_76,ADM2,2,76,BDI,76
77,398.757145551,399.473208769,398.641374424,406.300645901,406.562252469,406.167458794,406.717089009,406.797308553,406.60380458,404.186755882,404.230987356,404.156161996,ADM2,BDI_ADM2_1_3_3_77,ADM2,2,77,BDI,77
78,399.563371622,399.68895172,399.371064745,405.797399084,406.124186198,404.721752167,406.963266317,407.186869511,406.863511885,403.832988604,404.698465347,403.074829102,ADM2,BDI_ADM2_1_3_3_78,ADM2,2,78,BDI,78
79,400.056968572,400.313253046,399.769302222,403.498813522,403.934550646,403.076329888,406.099444887,406.721646331,405.435288347,402.305188575,402.48056694,402.101280556,ADM2,BDI_ADM2_1_3_3_79,ADM2,2,79,BDI,79
80,398.785689749,399.036246199,398.569945199,406.168068165,406.436473045,405.719059402,406.552745988,406.667454901,406.337749774,404.170260328,404.334211266,404.081336637,ADM2,BDI_ADM2_1_3_3_80,ADM2,2,80,BDI,80
81,399.55595798,399.870646663,399.334544014,404.693756313,405.350513459,403.859124756,407.176956855,407.316723163,406.79880247,404.163521224,405.11699295,402.47227478,ADM2,BDI_ADM2_1_3_3_81,ADM2,2,81,BDI,81
82,399.831529917,400.481330665,399.458410968,402.975379976,403.582377894,402.677451579,405.990647812,406.393896768,405.574806244,401.857682472,402.374212647,401.4894104,ADM2,BDI_ADM2_1_3_3_82,ADM2,2,82,BDI,82
83,399.324852788,399.762420654,399.087042236,404.222070326,404.708648682,403.656636556,406.99774213,407.316723163,405.329351807,404.207470255,405.11699295,402.795824323,ADM2,BDI_ADM2_1_3_3_83,ADM2,2,83,BDI,83
84,399.776364146,399.904694671,399.620855704,405.037995064,405.357006709,404.583333969,406.909704303,407.186869511,406.706591931,403.025967155,404.095911026,402.47227478,ADM2,BDI_ADM2_1_3_3_84,ADM2,2,84,BDI,84
85,398.991879879,399.762420654,398.283081054,403.802529247,404.408771515,402.930053711,406.627960777,408.580535889,405.329351807,402.537830895,405.11699295,401.676269531,ADM2,BDI_ADM2_1_3_3_85,ADM2,2,85,BDI,85
86,399.459240633,399.488492946,399.380371896,403.40605965,403.729949592,403.077068838,406.018598006,406.081934075,405.947933398,401.860194808,402.374212647,401.517771403,ADM2,BDI_ADM2_1_3_3_86,ADM2,2,86,BDI,86
87,399.457355541,399.904694671,398.784232875,405.582901811,406.124186198,405.350513459,406.77428507,407.057015858,406.614381392,403.579324419,404.15896155,403.074829102,ADM2,BDI_ADM2_1_3_3_87,ADM2,2,87,BDI,87
88,399.013941114,399.77903278,398.433794524,403.821513535,404.572612628,403.330001652,407.093695439,408.580535889,405.329351807,402.312904812,402.824309129,401.769782173,ADM2,BDI_ADM2_1_3_3_88,ADM2,2,88,BDI,88
89,399.337104453,399.503533935,398.433794524,403.63566756,404.425040929,403.182429953,406.287360528,408.580535889,405.966702511,401.810887675,402.143171481,401.128468832,ADM2,BDI_ADM2_1_3_3_89,ADM2,2,89,BDI,89
90,399.642433422,400.120437622,399.334544014,404.251814614,404.721752167,403.859124756,406.807759242,407.186869511,406.370149612,402.973935127,404.095911026,402.47227478,ADM2,BDI_ADM2_1_3_3_90,ADM2,2,90,BDI,90
91,399.529890832,399.963767385,399.20713467,403.280976284,403.704879422,403.076329888,406.424585195,406.721646331,406.167750159,402.34329908,402.73315814,402.101280556,ADM2,BDI_ADM2_1_3_3_91,ADM2,2,91,BDI,91
92,398.939705095,399.128624136,398.71280365,405.914450602,406.239632501,405.594392565,406.487946944,406.797308553,406.337749774,404.114651321,404.182036967,404.058261219,ADM2,BDI_ADM2_1_3_3_92,ADM2,2,92,BDI,92
93,399.574774652,399.77903278,398.94644928,404.142866805,404.720184326,403.656636556,405.898628498,407.023573812,405.329351807,402.676638725,403.493356704,401.869720459,ADM2,BDI_ADM2_1_3_3_93,ADM2,2,93,BDI,93
94,398.951624885,399.68895172,398.71280365,405.832283429,406.239632501,405.478946262,406.550641981,406.927162206,406.379776637,404.113110509,404.182036967,403.936113582,ADM2,BDI_ADM2_1_3_3_94,ADM2,2,94,BDI,94
95,399.946777888,400.120437622,398.855662101,404.639922618,405.36349996,404.583333969,406.544723835,406.79880247,406.370149612,402.57591493,403.59228942,402.47227478,ADM2,BDI_ADM2_1_3_3_95,ADM2,2,95,BDI,95
96,399.444597959,400.120437622,398.855662101,405.231649464,405.36349996,404.583333969,406.529321991,406.79880247,406.370149612,403.275973693,403.59228942,402.47227478,ADM2,BDI_ADM2_1_3_3_96,ADM2,2,96,BDI,96
97,399.123625587,399.77903278,398.94644928,404.284368365,404.572612628,403.87752129,406.258108005,407.023573812,406.037494913,401.597648774,402.753234863,401.128468832,ADM2,BDI_ADM2_1_3_3_97,ADM2,2,97,BDI,97
98,399.404909279,399.769302222,399.11104838,403.403468862,403.982325834,402.950767772,406.135134126,406.393896768,405.947933398,402.262276786,402.534499105,401.53235098,ADM2,BDI_ADM2_1_3_3_98,ADM2,2,98,BDI,98
99,399.213976033,399.488492946,399.01496209,403.904562934,404.277469231,403.434806195,406.136775199,406.29362809,406.044395848,402.266628003,402.380577088,401.267814304,ADM2,BDI_ADM2_1_3_3_99,ADM2,2,99,BDI,99
100,399.381008948,400.120437622,398.788118998,404.115759769,404.720184326,403.744830322,406.426721902,407.10578537,406.023044162,402.229202808,403.493356704,401.828399658,ADM2,BDI_ADM2_1_3_3_100,ADM2,2,100,BDI,100
101,398.947475532,399.904694671,398.784232875,405.483320384,405.80156623,405.156326294,406.497510774,407.115412394,406.374963124,404.061648948,404.15896155,403.233542274,ADM2,BDI_ADM2_1_3_3_101,ADM2,2,101,BDI,101
102,399.054558092,399.128624136,398.89477834,405.493653819,405.988073652,405.001645758,406.402317014,407.134666443,406.245539235,404.0427078,404.130287025,403.957560889,ADM2,BDI_ADM2_1_3_3_102,ADM2,2,102,BDI,102
103,398.989006716,400.120437622,398.855662101,405.209279855,405.478946262,404.58982722,406.669069331,407.115412394,406.370149612,403.67843127,404.110011161,402.530970966,ADM2,BDI_ADM2_1_3_3_103,ADM2,2,103,BDI,103
104,399.285622371,399.564463552,398.788118998,404.067704154,404.720184326,403.744830322,406.168607884,406.3653361,406.023044162,402.042713049,402.178667704,401.828399658,ADM2,BDI_ADM2_1_3_3_104,ADM2,2,104,BDI,104
105,399.555221896,400.340808106,398.966918945,404.362339435,404.720184326,403.902879264,406.147138375,406.331166317,406.023044162,402.170446851,402.753234863,401.128468832,ADM2,BDI_ADM2_1_3_3_105,ADM2,2,105,BDI,105
106,399.150196333,400.120437622,398.927091326,404.756977039,405.040879992,404.58982722,407.004151541,407.84623464,406.370149612,403.233027634,404.037985355,402.530970966,ADM2,BDI_ADM2_1_3_3_106,ADM2,2,106,BDI,106
107,399.109506082,399.200053362,398.946649446,405.168762396,405.594392565,404.718260024,407.09910187,407.84623464,406.379776637,404.029695002,404.110011161,403.951036566,ADM2,BDI_ADM2_1_3_3_107,ADM2,2,107,BDI,107
108,399.126632471,399.240688293,398.966207566,405.321980711,405.898444543,404.912016649,406.75954307,407.797723135,406.337749774,404.009136164,404.107211608,403.934485472,ADM2,BDI_ADM2_1_3_3_108,ADM2,2,108,BDI,108
109,399.448385424,399.958725388,398.966918945,403.848967938,404.425040929,403.267816393,406.317875489,406.446397881,406.197165639,402.0062131,402.290004186,401.128468832,ADM2,BDI_ADM2_1_3_3_109,ADM2,2,109,BDI,109
110,399.176083977,399.296341934,399.037636791,405.360910067,405.629430292,404.912016649,406.958672883,407.826792399,406.384590149,404.023441196,404.08413619,403.934485472,ADM2,BDI_ADM2_1_3_3_110,ADM2,2,110,BDI,110
111,398.91048575,399.171160698,398.788118998,404.274960886,404.602813721,403.744830322,407.004992572,407.841421127,406.352005005,402.55119538,403.248465258,401.828399658,ADM2,BDI_ADM2_1_3_3_111,ADM2,2,111,BDI,111
112,400.033983125,400.417367554,399.462822166,403.788293184,404.572612628,403.200447082,406.256863021,406.794891357,406.04507904,402.136062851,402.753234863,402.022705078,ADM2,BDI_ADM2_1_3_3_112,ADM2,2,112,BDI,112
113,399.101686044,399.794264126,398.788118998,403.956716516,404.372955322,403.200447082,406.625883594,407.396246338,406.052663167,402.159388409,402.645926736,401.828399658,ADM2,BDI_ADM2_1_3_3_113,ADM2,2,113,BDI,113
114,399.101719848,399.240688293,398.99308628,404.845067182,405.270660009,404.373861225,407.208277051,407.797723135,406.399030685,403.933098808,404.006511278,403.88273553,ADM2,BDI_ADM2_1_3_3_114,ADM2,2,114,BDI,114
115,399.910702295,400.417367554,399.462822166,403.429352117,403.931597484,403.234131737,406.422091529,406.542860332,406.22351888,402.259835639,403.125640869,402.022705078,ADM2,BDI_ADM2_1_3_3_115,ADM2,2,115,BDI,115
116,399.877499385,400.493927002,399.171160698,403.263780631,404.372955322,403.127010091,406.714943409,407.396246338,406.052663167,402.147218736,402.645926736,401.982532702,ADM2,BDI_ADM2_1_3_3_116,ADM2,2,116,BDI,116
117,399.603893749,400.376031824,399.01496209,403.711804647,404.277469231,403.335185704,406.335333466,406.524091218,406.159627412,402.198504686,402.846078491,401.267814304,ADM2,BDI_ADM2_1_3_3_117,ADM2,2,117,BDI,117
118,399.267838239,399.364489299,399.172540928,404.818416749,405.1810309,404.463617256,407.548871789,407.826792399,406.950334231,403.95174617,404.00618248,403.908610501,ADM2,BDI_ADM2_1_3_3_118,ADM2,2,118,BDI,118
119,400.366969901,400.493927002,399.958725388,403.258472234,403.308156408,403.217583249,406.499397252,406.580398559,406.401958719,402.349177491,402.570281982,402.213636126,ADM2,BDI_ADM2_1_3_3_119,ADM2,2,119,BDI,119
120,400.079540021,400.415330217,399.384225381,403.422729335,403.874161044,403.301501048,406.457443527,406.542860332,406.29362809,402.403818553,403.125640869,400.851853638,ADM2,BDI_ADM2_1_3_3_120,ADM2,2,120,BDI,120
121,399.205646844,399.32132938,399.116887286,404.52156144,405.001645758,404.015217864,407.237164268,407.797723135,406.42633311,403.973359192,404.203639221,403.88273553,ADM2,BDI_ADM2_1_3_3_121,ADM2,2,121,BDI,121
122,400.204044229,400.454628609,399.65568712,403.437030962,403.728752501,403.267816393,406.479160297,406.561629445,406.261895679,402.338428224,403.125640869,400.600585938,ADM2,BDI_ADM2_1_3_3_122,ADM2,2,122,BDI,122
123,399.741887232,400.493927002,399.308258056,403.518871673,403.944402059,403.127010091,406.50625825,406.672947693,406.101335798,402.091491786,402.276407342,401.982532702,ADM2,BDI_ADM2_1_3_3_123,ADM2,2,123,BDI,123
124,399.766447787,400.493927002,399.483174642,403.710015378,404.321033945,403.217583249,406.269674749,406.580398559,406.101335798,402.104301508,402.570281982,401.893831693,ADM2,BDI_ADM2_1_3_3_124,ADM2,2,124,BDI,124
125,399.928488778,400.415330217,399.741943359,403.805546394,404.291179773,403.398729566,406.400579439,406.542860332,406.34217562,401.465640268,403.125640869,400.851853638,ADM2,BDI_ADM2_1_3_3_125,ADM2,2,125,BDI,125
126,399.72971095,400.454628609,399.569430881,404.185342996,404.830702126,403.308156408,406.314868242,406.561629445,406.181615739,401.329607832,403.125640869,400.600585938,ADM2,BDI_ADM2_1_3_3_126,ADM2,2,126,BDI,126
127,399.584261083,399.864980062,399.308258056,404.273737082,404.840653517,403.768467153,406.342155424,406.551004028,406.101335798,402.197678315,402.288818359,401.893831693,ADM2,BDI_ADM2_1_3_3_127,ADM2,2,127,BDI,127
128,399.915861857,400.376031824,399.741943359,404.261360648,404.810799346,403.489302725,406.414137556,406.524091218,406.34217562,401.37671076,402.846078491,400.851853638,ADM2,BDI_ADM2_1_3_3_128,ADM2,2,128,BDI,128
