asdf_id,oco2_xco2_yearly.2015.mean,oco2_xco2_yearly.2015.max,oco2_xco2_yearly.2015.min,oco2_xco2_yearly.2017.mean,oco2_xco2_yearly.2017.max,oco2_xco2_yearly.2017.min,oco2_xco2_yearly.2018.mean,oco2_xco2_yearly.2018.max,oco2_xco2_yearly.2018.min,oco2_xco2_yearly.2016.mean,oco2_xco2_yearly.2016.max,oco2_xco2_yearly.2016.min,adm,gbid,Name,Level,adm_int,feature_id,iso,ISO_Code,gqid
0,399.086958345,400.703590393,397.976282724,404.335007897,405.564073791,403.228481517,408.765736135,409.487806532,408.213354085,402.519121956,404.043797768,401.569019317,ADM2,UGA_ADM2_1_3_3_0,ABIM,ADM2,2,0,UGA,UG-314,0
1,400.768094166,403.039796557,398.195140839,404.96792584,408.685974121,402.606572469,407.089287266,409.852920532,403.301956176,402.914101887,405.076689221,400.486755372,ADM2,UGA_ADM2_1_3_3_1,ADJUMANI,ADM2,2,1,UGA,UG-301,1
2,398.291519209,400.710113525,396.864666748,403.461473045,405.729908498,401.742467961,407.391956354,408.804713323,404.459976196,404.047474002,405.158287635,402.598542063,ADM2,UGA_ADM2_1_3_3_2,ALEBTONG,ADM2,2,2,UGA,UG-323,2
3,398.577384272,400.873751461,396.765060425,404.15353468,405.47093277,402.136932373,407.300962867,408.216841008,405.332727341,404.137128977,405.20236206,403.03263507,ADM2,UGA_ADM2_1_3_3_3,AMOLATAR,ADM2,2,3,UGA,UG-315,3
4,399.71662112,400.856450861,398.222852707,404.335872059,405.509536743,403.491790771,406.480543262,408.136846924,405.225933838,402.648200237,404.464508057,401.050384522,ADM2,UGA_ADM2_1_3_3_4,AMUDAT,ADM2,2,4,UGA,UG-324,4
5,399.016328579,400.539525885,396.864666748,401.844912882,404.806485858,399.187744141,407.804213383,409.03219993,405.36314053,402.747396662,404.190406607,400.169921875,ADM2,UGA_ADM2_1_3_3_5,AMURIA,ADM2,2,5,UGA,UG-216,5
6,402.176927965,404.030503409,399.273145788,405.280747124,407.442123413,404.09581139,407.937162847,409.852920532,404.925003779,403.81560811,406.416134643,399.889763141,ADM2,UGA_ADM2_1_3_3_6,AMURU,ADM2,2,6,UGA,UG-316,6
7,400.857686183,402.303927335,398.499218053,405.52402438,406.443058014,403.982195498,407.492976229,409.051617432,405.698248831,404.929528058,405.617994822,403.27560554,ADM2,UGA_ADM2_1_3_3_7,APAC,ADM2,2,7,UGA,UG-302,7
8,400.514059334,400.915903727,400.153007175,405.899098516,406.920756313,405.078885905,407.734175977,408.141929211,407.056482858,402.639596395,403.139480591,402.087677002,ADM2,UGA_ADM2_1_3_3_8,BUDAKA,ADM2,2,8,UGA,UG-217,8
9,400.198681757,401.893493652,399.055976868,405.852581414,407.315559387,404.802290618,406.937453348,408.572558368,404.715681596,402.194823502,404.074908917,400.978027344,ADM2,UGA_ADM2_1_3_3_9,BUGIRI,ADM2,2,9,UGA,UG-201,9
10,400.868438687,402.589689821,399.20393971,404.980063585,405.429529363,403.952286805,407.089661574,407.615441751,406.174262581,403.245272259,403.887873332,402.227940415,ADM2,UGA_ADM2_1_3_3_10,BUIKWE,ADM2,2,10,UGA,UG-117,10
11,399.320884953,399.791282947,399.172923161,404.528922998,405.797584025,403.681976319,404.247746756,404.686737061,403.996622721,402.315451481,402.541497124,401.827478997,ADM2,UGA_ADM2_1_3_3_11,BUKOMANSIMBI,ADM2,2,11,UGA,UG-218,11
12,398.656237092,399.338423229,397.68208095,405.426358597,406.639597741,403.925964355,407.217959936,407.635689036,407.044751485,404.338725465,407.682128906,400.8828125,ADM2,UGA_ADM2_1_3_3_12,BUKWO,ADM2,2,12,UGA,UG-220,12
13,399.242948163,400.07568423,398.090515137,406.32529815,407.887567139,405.372544381,407.282888337,407.649481637,406.910050455,403.500634237,407.682128906,401.482854208,ADM2,UGA_ADM2_1_3_3_13,BULAMBULI,ADM2,2,13,UGA,UG-225,13
14,401.579737015,402.791675914,400.739893232,405.281744455,406.039950202,404.055570815,408.742408106,409.630926768,407.910135704,400.721764578,402.161880841,398.768320719,ADM2,UGA_ADM2_1_3_3_14,BULIISA,ADM2,2,14,UGA,UG-416,14
15,401.851807106,403.100570217,400.576803298,404.598427985,405.038002862,404.078832654,405.53500302,406.106078536,405.138114929,403.386462171,403.9924558,402.917432972,ADM2,UGA_ADM2_1_3_3_15,BUNDIBUGYO,ADM2,2,15,UGA,UG-401,15
16,399.671565753,399.920916438,398.944389344,404.693999749,404.79983544,404.561419599,406.472517542,407.380661217,405.609033946,402.486413799,403.64603437,401.095556389,ADM2,UGA_ADM2_1_3_3_16,BUSHENYI,ADM2,2,16,UGA,UG-402,16
17,399.800752132,402.684692383,397.069417318,406.683229873,408.38449707,404.816485596,406.473736536,410.727294921,404.460012991,403.689269895,404.715631326,403.167693512,ADM2,UGA_ADM2_1_3_3_17,BUYENDE,ADM2,2,17,UGA,UG-226,17
18,399.728588329,401.462548245,398.097031884,405.960573681,406.979676125,404.273108164,407.084871185,407.924384223,405.845539356,404.616266628,405.39553637,403.713656693,ADM2,UGA_ADM2_1_3_3_18,DOKOLO,ADM2,2,18,UGA,UG-317,18
19,399.864189588,400.387171109,399.558836917,405.151731166,405.923928833,404.406434801,404.76653631,405.421585083,403.913314819,401.4431464,402.141576767,400.808658176,ADM2,UGA_ADM2_1_3_3_19,BUTAMBALA,ADM2,2,19,UGA,UG-221,19
20,400.702416087,402.030609131,398.442382813,404.621171197,406.340606689,403.177246094,406.985588046,408.215471034,405.29927063,401.307864395,402.864286654,399.894624598,ADM2,UGA_ADM2_1_3_3_20,HOIMA,ADM2,2,20,UGA,UG-403,20
21,398.912353734,401.893493652,398.006896973,406.485272393,408.049301147,405.23828125,407.687360393,408.908874512,406.452334755,403.477343247,404.074908917,401.613720093,ADM2,UGA_ADM2_1_3_3_21,IGANGA,ADM2,2,21,UGA,UG-203,21
22,398.12730472,399.955154419,396.81972758,403.725287154,404.723169299,402.754404704,407.062640272,408.056123783,405.297938029,402.439020795,404.362014771,401.018737793,ADM2,UGA_ADM2_1_3_3_22,KAABONG,ADM2,2,22,UGA,UG-318,22
23,399.706006298,400.303033126,399.255864223,404.901657167,405.489841964,404.107368404,407.762155547,408.913604736,406.642340524,405.278223555,406.312506103,403.909586165,ADM2,UGA_ADM2_1_3_3_23,KABALE,ADM2,2,23,UGA,UG-404,23
24,401.004280644,402.600403511,399.550957574,404.844741231,405.680230805,404.078832654,406.202310593,407.576934814,405.138114929,403.50354562,404.229179055,402.275309844,ADM2,UGA_ADM2_1_3_3_24,KABAROLE,ADM2,2,24,UGA,UG-405,24
25,399.345161176,400.441424052,398.070335388,404.210542527,404.623886108,403.54577863,404.482887763,407.319850667,403.232696533,401.51032001,403.826660155,398.620605469,ADM2,UGA_ADM2_1_3_3_25,KALANGALA,ADM2,2,25,UGA,UG-101,25
26,399.911175412,401.366577149,398.201479398,406.582056028,408.38449707,403.412298584,408.167027397,410.727294921,406.30754598,403.412523074,404.266677856,402.810760498,ADM2,UGA_ADM2_1_3_3_26,KALIRO,ADM2,2,26,UGA,UG-222,26
27,399.313918312,399.558836917,399.140676058,404.417575982,405.620829773,403.64362971,404.549677318,404.987243653,404.195576986,402.233469688,402.433622009,401.83627917,ADM2,UGA_ADM2_1_3_3_27,KALUNGU,ADM2,2,27,UGA,UG-122,27
28,399.907212161,401.348908518,398.966007657,406.248919978,407.631732178,405.277009074,407.386399405,407.744671822,405.858303211,403.410439488,403.654693954,403.180542629,ADM2,UGA_ADM2_1_3_3_28,KAMULI,ADM2,2,28,UGA,UG-205,28
29,399.075437626,399.976867676,398.706237793,404.479626562,404.771535238,403.979404273,406.200780302,407.258643165,405.162414551,403.566212555,405.00102975,400.54484253,ADM2,UGA_ADM2_1_3_3_29,KANUNGU,ADM2,2,29,UGA,UG-414,29
30,399.396807332,399.795611064,398.386590988,406.953488551,407.887567139,405.873630778,407.287513874,407.567425101,407.126499892,403.761820786,407.682128906,402.082895915,ADM2,UGA_ADM2_1_3_3_30,KAPCHORWA,ADM2,2,30,UGA,UG-206,30
31,399.315462834,400.560314941,398.027455647,402.998911553,404.933458513,400.381744732,407.306534486,408.80414067,406.827972594,403.043451305,404.592016698,401.541010284,ADM2,UGA_ADM2_1_3_3_31,KATAKWI,ADM2,2,31,UGA,UG-207,31
32,400.715186048,402.136016846,398.33643341,405.448178432,406.37892456,402.791032155,406.81647628,407.503649255,404.460012991,403.473868044,404.002368927,403.159101214,ADM2,UGA_ADM2_1_3_3_32,KAYUNGA,ADM2,2,32,UGA,UG-112,32
33,399.322620161,399.840984192,398.944389344,404.758666822,404.854764968,404.633883198,405.724749266,406.205206588,405.222845954,402.487799889,404.160200345,400.74266324,ADM2,UGA_ADM2_1_3_3_33,SHEEMA,ADM2,2,33,UGA,UG-426,33
34,398.834773496,400.356548309,396.512908936,404.991172717,407.882049561,400.956153871,407.392377088,411.502563476,404.757716252,402.470318314,406.289425998,400.395355225,ADM2,UGA_ADM2_1_3_3_34,KITGUM,ADM2,2,34,UGA,UG-305,34
35,401.799556016,402.927135819,401.228216401,405.312345009,406.237663051,404.253821171,407.990018737,408.760173891,407.330303641,401.700349033,402.125107265,401.367630916,ADM2,UGA_ADM2_1_3_3_35,KOBOKO,ADM2,2,35,UGA,UG-319,35
36,400.741858706,402.303927335,399.03858447,404.89577115,405.565020752,403.491931916,406.345172783,407.49089915,405.310897827,404.656330805,405.518975076,403.175977434,ADM2,UGA_ADM2_1_3_3_36,KOLE,ADM2,2,36,UGA,UG-325,36
37,397.967167521,399.237216708,396.81972758,403.759764422,405.184880146,402.720538869,408.215597437,408.733047485,406.872986643,402.331957674,403.354299927,400.824908447,ADM2,UGA_ADM2_1_3_3_37,KOTIDO,ADM2,2,37,UGA,UG-306,37
38,398.842219021,399.174351241,398.679268973,404.189822854,404.794604687,403.603912353,405.85678959,407.186187744,405.464178576,402.108850097,403.877349854,400.492858887,ADM2,UGA_ADM2_1_3_3_38,KISORO,ADM2,2,38,UGA,UG-408,38
39,398.475614728,399.338423229,397.68208095,405.642142561,407.107827759,404.107696533,407.169308947,407.77565918,407.053283691,403.840880595,407.682128906,400.8828125,ADM2,UGA_ADM2_1_3_3_39,KWEEN,ADM2,2,39,UGA,UG-228,39
40,399.761589183,403.019229126,397.459448242,406.257389612,408.047064887,404.445683798,407.000704077,411.502563476,405.407323201,404.592311959,407.528839111,400.395355225,ADM2,UGA_ADM2_1_3_3_40,LAMWO,ADM2,2,40,UGA,UG-326,40
41,399.644589783,401.462548245,398.103989792,404.532863235,405.888357544,403.111648682,406.567769944,407.859889104,404.99597168,404.685361643,405.464447021,403.444982853,ADM2,UGA_ADM2_1_3_3_41,LIRA,ADM2,2,41,UGA,UG-326,41
42,399.427133299,400.505599975,398.006896973,406.16919938,407.944934082,405.186519369,407.71669196,408.88583374,407.308821734,403.465597685,403.981391124,403.189134927,ADM2,UGA_ADM2_1_3_3_42,LUUKA,ADM2,2,42,UGA,UG-229,42
43,399.523536144,400.183241526,399.032492455,404.760081122,406.063193427,404.01300176,403.64905726,404.505689087,403.099253336,402.543955355,402.832887288,402.28939744,ADM2,UGA_ADM2_1_3_3_43,LYANTONDE,ADM2,2,43,UGA,UG-114,43
44,399.518616014,399.926078955,399.00238592,405.047686184,405.672786915,404.94462845,407.139914347,407.419791252,406.684263479,401.552413054,402.06187439,401.184028626,ADM2,UGA_ADM2_1_3_3_44,MANAFWA,ADM2,2,44,UGA,UG-223,44
45,399.884120186,400.442278181,399.140676058,404.092608585,404.638675989,403.64362971,404.947363204,405.519763402,404.288828532,402.330675932,402.773666382,402.090896606,ADM2,UGA_ADM2_1_3_3_45,MASAKA,ADM2,2,45,UGA,UG-105,45
46,401.360449974,403.461015181,398.814735413,405.129510015,406.340606689,402.992787114,408.151320347,409.630926768,402.504714966,401.604591571,404.762513258,398.768320719,ADM2,UGA_ADM2_1_3_3_46,MASINDI,ADM2,2,46,UGA,UG-409,46
47,399.64081385,401.225682185,398.918487549,406.408891042,408.049301147,404.830874357,407.331033693,408.908874512,404.715681596,402.248514905,403.981391124,400.781768799,ADM2,UGA_ADM2_1_3_3_47,MAYUGE,ADM2,2,47,UGA,UG-214,47
48,400.095884244,400.635830561,399.64600579,405.861785365,406.920756313,405.008604587,407.14155947,407.779047371,406.76681722,401.87728757,402.438278198,401.485244751,ADM2,UGA_ADM2_1_3_3_48,MBALE,ADM2,2,48,UGA,UG-209,48
49,399.584834919,401.061792297,398.698040644,404.791366678,404.982158094,404.120783488,405.466125529,406.434082031,404.477806092,401.651896056,404.123910146,400.274285721,ADM2,UGA_ADM2_1_3_3_49,MBARARA,ADM2,2,49,UGA,UG-410,49
50,398.956746344,400.88482666,397.404966935,403.872125381,405.239701491,403.105162865,407.124174184,408.429000855,405.496142578,402.1533662,403.283274511,398.18963623,ADM2,UGA_ADM2_1_3_3_50,MOROTO,ADM2,2,50,UGA,UG-308,50
51,400.243470556,403.189208984,397.95753479,405.362244383,407.820921065,402.606572469,404.889959723,408.604129368,399.297454835,403.254940163,405.760483314,400.807108561,ADM2,UGA_ADM2_1_3_3_51,MOYO,ADM2,2,51,UGA,UG-309,51
52,398.604561795,400.754682269,396.362685354,404.294624182,405.642538452,402.769745913,407.071083995,408.429000855,405.807342094,403.114822528,405.067337036,401.250408397,ADM2,UGA_ADM2_1_3_3_52,NAKAPIRIPIRIT,ADM2,2,52,UGA,UG-311,52
53,400.529717889,402.220958813,398.494628906,406.115808183,407.020172119,404.264207504,406.242361401,407.632613431,403.85043335,402.920890476,403.62694931,401.43270874,ADM2,UGA_ADM2_1_3_3_53,NAKASEKE,ADM2,2,53,UGA,UG-116,53
54,400.093899879,401.908682687,397.991343907,404.685722795,406.543531436,403.131815108,406.447216363,408.488172326,404.235694886,403.052270872,404.686139275,401.578956604,ADM2,UGA_ADM2_1_3_3_54,NAKASONGOLA,ADM2,2,54,UGA,UG-109,54
55,399.504296379,401.893493652,398.201479398,404.635352373,406.525238037,403.109295654,407.687417599,408.572558368,406.483978271,403.115182662,404.074908917,400.978027344,ADM2,UGA_ADM2_1_3_3_55,NAMUTUMBA,ADM2,2,55,UGA,UG-224,55
56,398.125016738,399.749237061,396.86730957,403.041741047,404.650667419,401.196392484,408.18741564,409.623168945,406.637023926,403.698939382,405.092020671,400.824908447,ADM2,UGA_ADM2_1_3_3_56,NAPAK,ADM2,2,56,UGA,UG-327,56
57,401.855323895,402.812810724,400.964086877,405.833161151,407.005699158,403.958288574,408.494274173,409.194597517,407.86072692,400.703324554,402.535550519,399.968875885,ADM2,UGA_ADM2_1_3_3_57,NEBBI,ADM2,2,57,UGA,UG-310,57
58,399.835774714,400.560314941,398.784583307,403.284033843,405.836791992,400.452239991,407.476171864,408.36869812,406.598383585,401.896054294,403.373669434,401.00885849,ADM2,UGA_ADM2_1_3_3_58,NGORA,ADM2,2,58,UGA,UG-231,58
59,399.703677308,399.867887855,399.313265483,404.825393879,404.928392224,404.708674113,406.630726881,407.380661217,405.938179016,401.246324549,403.592363171,400.627178871,ADM2,UGA_ADM2_1_3_3_59,BUHWEJU,ADM2,2,59,UGA,UG-420,59
60,401.827551069,403.089150565,398.119496665,404.753411578,405.452604352,403.702523368,406.100213,407.933609009,405.23538208,404.017765711,404.687850952,400.481994629,ADM2,UGA_ADM2_1_3_3_60,NTOROKO,ADM2,2,60,UGA,UG-424,60
61,401.236941711,401.643403344,400.951213702,405.691763261,406.857737223,404.52403665,407.997604664,408.420978462,407.700640191,401.097554453,401.513670888,400.602415289,ADM2,UGA_ADM2_1_3_3_61,MARACHA,ADM2,2,61,UGA,UG-320,61
62,398.636197398,400.710113525,396.579237802,403.081229944,405.993682861,402.07924338,408.212211342,409.319488525,404.459976196,403.577193619,404.850387573,401.665618896,ADM2,UGA_ADM2_1_3_3_62,OTUKE,ADM2,2,62,UGA,UG-329,62
63,400.821986554,401.982579652,399.109153493,405.040057279,405.565020752,404.705219746,407.486642877,408.401506043,406.532063294,404.100779449,405.660818917,403.175977434,ADM2,UGA_ADM2_1_3_3_63,OYAM,ADM2,2,63,UGA,UG-321,63
64,399.856970208,404.296020508,397.263970415,406.120676989,407.16178004,402.043716431,407.643613556,410.154422336,405.74105835,405.157356491,408.1456604,400.454071045,ADM2,UGA_ADM2_1_3_3_64,PADER,ADM2,2,64,UGA,UG-312,64
65,399.879491669,399.923839093,399.817781926,404.730302453,404.942672729,404.500793457,407.469930732,408.36302185,406.977582571,401.808753289,403.759124756,400.980072021,ADM2,UGA_ADM2_1_3_3_65,RUBIRIZI,ADM2,2,65,UGA,UG-425,65
66,399.820037282,400.355757395,399.316064199,406.672903041,407.404161726,405.417932254,407.369289723,407.779047371,406.910050455,402.081958286,407.682128906,401.184028626,ADM2,UGA_ADM2_1_3_3_66,SIRONKO,ADM2,2,66,UGA,UG-215,66
67,399.013555722,400.560314941,397.227871235,402.736743065,405.020401001,399.187744141,407.315350732,408.235868566,405.36314053,402.593566336,404.19797039,400.169921875,ADM2,UGA_ADM2_1_3_3_67,SOROTI,ADM2,2,67,UGA,UG-211,67
68,400.853877336,404.048095703,398.663688659,405.445077677,405.716136413,404.78193278,405.333210072,406.432842716,402.710732596,402.806805751,403.596641481,401.029693604,ADM2,UGA_ADM2_1_3_3_68,WAKISO,ADM2,2,68,UGA,UG-113,68
69,402.410619357,403.376218261,400.851711107,405.077005766,407.021929423,403.289204712,407.620334157,409.306047228,399.297454835,401.479313973,403.780839619,400.807108561,ADM2,UGA_ADM2_1_3_3_69,YUMBE,ADM2,2,69,UGA,UG-313,69
70,400.441187683,401.072909527,399.821873825,403.405428507,405.015820107,402.800467355,407.597365762,408.091048286,407.137323429,401.005827583,401.793692398,400.511050415,ADM2,UGA_ADM2_1_3_3_70,ZOMBO,ADM2,2,70,UGA,UG-330,70
71,400.269969342,402.282600403,397.557832082,404.591293893,405.608734131,402.648956299,405.651531135,407.60163672,404.439697266,402.149095662,404.938740769,399.546057129,ADM2,UGA_ADM2_1_3_3_71,ISINGIRO,ADM2,2,71,UGA,UG-418,71
72,399.413449727,399.873733163,399.010583242,404.593277589,404.678209093,404.487792343,406.209819188,406.977582571,405.802127942,403.399266925,404.160200345,402.427437475,ADM2,UGA_ADM2_1_3_3_72,MITOOMA,ADM2,2,72,UGA,UG-423,72
73,399.209580218,400.03348626,398.834457398,406.158229604,406.50352139,405.716151099,405.744629622,406.192119053,404.031960512,402.493828029,403.59881927,401.451169125,ADM2,UGA_ADM2_1_3_3_73,KYEGEGWA,ADM2,2,73,UGA,UG-422,73
74,400.318358285,401.171414426,399.354664307,404.720890132,405.306061733,404.307150625,407.043720399,408.633589311,405.633272585,404.777184178,406.311996718,402.372324486,ADM2,UGA_ADM2_1_3_3_74,NTUNGAMO,ADM2,2,74,UGA,UG-411,74
75,399.538061809,399.950134641,399.03045105,404.548992891,404.79503982,403.979404273,406.680228708,407.661835696,405.906571596,403.752197055,405.387204281,402.037110608,ADM2,UGA_ADM2_1_3_3_75,RUKUNGIRI,ADM2,2,75,UGA,UG-412,75
76,399.7300087,400.729774112,398.834457398,404.778600768,405.989592416,403.86998291,406.313828159,407.803146362,403.756452288,403.600630713,404.024780273,402.968162537,ADM2,UGA_ADM2_1_3_3_76,KAMWENGE,ADM2,2,76,UGA,UG-413,76
77,399.773360341,399.864965201,399.617358208,404.799136685,405.345087687,403.86998291,405.769183734,407.398551941,403.83171976,403.23281771,403.592363171,400.983899434,ADM2,UGA_ADM2_1_3_3_77,IBANDA,ADM2,2,77,UGA,UG-417,77
78,399.846388692,400.828282674,399.516423543,404.597616772,404.973477173,403.936599289,406.977018168,408.36302185,404.879263853,403.487551297,403.781480872,400.980072021,ADM2,UGA_ADM2_1_3_3_78,KASESE,ADM2,2,78,UGA,UG-406,78
79,399.394922601,401.857635498,397.557832082,405.053966111,406.106373439,403.453369141,404.280627831,405.798789284,402.900299072,402.912693647,403.8387146,399.805908203,ADM2,UGA_ADM2_1_3_3_79,KIRUHURA,ADM2,2,79,UGA,UG-419,79
80,399.843467623,402.443566217,398.668121338,405.637292417,406.205689324,404.427113124,406.196321548,407.631581624,404.570396423,402.754427348,404.024780273,400.94519043,ADM2,UGA_ADM2_1_3_3_80,KYENJOJO,ADM2,2,80,UGA,UG-415,80
81,400.263923632,401.227050781,399.238988673,406.631913063,407.590652465,405.888875965,405.982474852,406.46500651,404.777321371,401.285011339,402.70879584,400.149663289,ADM2,UGA_ADM2_1_3_3_81,MUBENDE,ADM2,2,81,UGA,UG-107,81
82,399.907405843,400.345395352,399.463739923,406.293862552,407.590652465,404.929718018,405.1208817,405.756430308,404.257452393,401.334643708,401.966419641,400.451091882,ADM2,UGA_ADM2_1_3_3_82,GOMBA,ADM2,2,82,UGA,UG-121,82
83,400.872199798,401.494903564,399.843237605,406.644785771,407.077885219,405.889790853,406.425239336,406.782574689,406.060646057,402.115191773,403.381688436,400.635496213,ADM2,UGA_ADM2_1_3_3_83,KIBOGA,ADM2,2,83,UGA,UG-103,83
84,399.72821215,400.428247361,399.124552507,404.958104489,405.642182414,403.600597636,404.566312998,405.173078767,402.710732596,401.932428125,402.801749205,401.029693604,ADM2,UGA_ADM2_1_3_3_84,MPIGI,ADM2,2,84,UGA,UG-106,84
85,401.120250735,401.762756348,400.090790068,406.025456523,406.946354033,404.281463623,406.560811622,407.000896107,406.109103116,402.000062833,403.035872687,400.661865234,ADM2,UGA_ADM2_1_3_3_85,KYANKWANZI,ADM2,2,85,UGA,UG-123,85
86,400.274796169,401.18624235,399.415891927,406.058925868,406.769195557,404.83612433,406.175022883,406.737493342,405.825150923,402.255620575,402.602688046,401.156542785,ADM2,UGA_ADM2_1_3_3_86,KAKUMIRO,ADM2,2,86,UGA,,86
87,402.951179076,404.045852661,400.838308255,405.078140318,406.132621072,404.386464899,407.393276573,410.169272286,402.383605958,403.457916485,405.983753204,400.015902815,ADM2,UGA_ADM2_1_3_3_87,NWOYA,ADM2,2,87,UGA,UG-321,87
88,401.615804711,403.795684814,398.814735413,405.172844883,406.443058014,402.461395264,408.430054827,409.455050787,402.504714966,404.625738736,405.761635917,401.95594618,ADM2,UGA_ADM2_1_3_3_88,KIRYANDONGO,ADM2,2,88,UGA,UG-421,88
89,399.05937206,402.684692383,397.069417318,405.235620433,407.763183594,400.452239991,406.625117461,408.36869812,404.575571696,404.069820848,405.652030945,401.00885849,ADM2,UGA_ADM2_1_3_3_89,SERERE,ADM2,2,89,UGA,UG-232,89
90,401.268362116,404.045852661,399.318168252,405.165914301,405.636125044,404.711428833,407.924684294,409.027099609,406.52199707,405.527107291,408.1456604,403.449130698,ADM2,UGA_ADM2_1_3_3_90,OMORO,ADM2,2,90,UGA,,90
91,401.32358408,402.15092452,399.894422259,405.170433654,407.248372396,402.543914795,408.521600472,409.567891439,404.205800374,400.586332224,403.138116746,399.806483219,ADM2,UGA_ADM2_1_3_3_91,ARUA,ADM2,2,91,UGA,UG-303,91
92,399.95082059,400.327224731,399.333855831,404.114397481,404.637772018,403.754868825,404.450223494,405.120362549,403.970559082,402.582690552,403.007581584,402.177011663,ADM2,UGA_ADM2_1_3_3_92,LWENGO,ADM2,2,92,UGA,UG-124,92
93,399.39208566,399.995616913,399.032492455,405.526034144,406.826922946,403.827761332,404.188701587,405.455898031,403.539198812,402.289250449,402.70879584,401.457296407,ADM2,UGA_ADM2_1_3_3_93,SEMBABULE,ADM2,2,93,UGA,UG-111,93
94,399.223058322,400.37739563,397.557832082,404.144396506,405.259670512,402.655122359,405.284088428,406.154419344,404.465917358,402.868376968,403.505391189,402.163758341,ADM2,UGA_ADM2_1_3_3_94,RAKAI,ADM2,2,94,UGA,UG-110,94
95,400.595652029,401.227050781,400.095105489,405.78958842,406.752484073,405.114564921,405.607991586,406.204151154,404.29290084,401.339170832,402.858191857,400.149663289,ADM2,UGA_ADM2_1_3_3_95,MITYANA,ADM2,2,95,UGA,UG-115,95
96,401.294611389,402.751327927,400.40748081,405.93417747,406.543531436,404.791724311,406.809563713,407.235668514,404.680959422,403.417978661,403.625736967,402.552247679,ADM2,UGA_ADM2_1_3_3_96,LUWERO,ADM2,2,96,UGA,UG-104,96
97,401.469753908,403.561960409,398.843772343,405.270766523,405.930866932,403.821124472,406.675766889,407.733403986,405.389352686,403.189366904,403.742257407,401.935994466,ADM2,UGA_ADM2_1_3_3_97,MUKONO,ADM2,2,97,UGA,UG-108,97
98,402.941853979,404.048095703,401.137746538,405.450906072,405.679159413,405.302688046,405.441770421,406.053256695,405.0437887,402.71986982,403.465574461,402.33613487,ADM2,UGA_ADM2_1_3_3_98,KAMPALA,ADM2,2,98,UGA,UG-102,98
99,399.928952391,400.645148644,399.442847757,404.787944992,406.073363836,403.62896281,406.561863936,407.503149123,405.603799003,403.493561328,405.005584717,400.933793501,ADM2,UGA_ADM2_1_3_3_99,BUVUMA,ADM2,2,99,UGA,UG-120,99
100,400.42883919,401.43841209,399.127522004,405.243000634,406.060566295,404.9925059,407.618542668,407.805328369,407.304736462,403.701599388,403.934632228,403.583515368,ADM2,UGA_ADM2_1_3_3_100,JINJA,ADM2,2,100,UGA,UG-204,100
101,399.468746379,400.437439405,398.635586825,405.45197902,406.857452393,404.509163597,407.131710543,408.088500977,404.632287598,402.395273251,403.460666054,401.274570041,ADM2,UGA_ADM2_1_3_3_101,NAMAYINGO,ADM2,2,101,UGA,UG-230,101
102,400.887318267,403.18786621,398.635586825,404.777000197,404.865436901,404.509163597,407.455131776,408.088500977,406.883231099,401.74283454,402.663221995,401.274570041,ADM2,UGA_ADM2_1_3_3_102,BUSIA,ADM2,2,102,UGA,UG-202,102
103,399.510077658,399.97594738,399.212946756,405.520255817,406.41104699,405.051327619,407.186050928,407.635689036,406.910050455,401.518937359,407.682128906,400.8828125,ADM2,UGA_ADM2_1_3_3_103,BUDUDA,ADM2,2,103,UGA,UG-218,103
104,399.693015415,401.3028987,399.00238592,404.959721351,405.699090825,404.845013649,406.844649001,407.20315644,406.623583984,401.97837279,402.454895019,400.978027344,ADM2,UGA_ADM2_1_3_3_104,TORORO,ADM2,2,104,UGA,UG-212,104
105,400.234952338,400.915903727,399.382446289,405.395046091,406.4373509,404.523590088,407.08327865,407.716255637,406.623583984,402.247166254,403.265662977,400.978027344,ADM2,UGA_ADM2_1_3_3_105,BUTALEJA,ADM2,2,105,UGA,UG-221,105
106,399.263934823,400.355757395,398.090515137,406.057068435,407.404161726,404.637597402,407.531125401,407.999509975,407.229685466,402.389708568,404.24710083,401.665929158,ADM2,UGA_ADM2_1_3_3_106,BUKEDEA,ADM2,2,106,UGA,UG-219,106
107,399.286445183,400.239890136,398.090515137,404.735576948,406.476348877,402.626516647,407.478343101,407.958521525,407.134520354,402.170569515,404.24710083,401.248962402,ADM2,UGA_ADM2_1_3_3_107,KUMI,ADM2,2,107,UGA,UG-208,107
108,399.853477506,402.684692383,398.784583307,404.387668514,407.763183594,399.720306396,408.144225605,410.727294921,406.30754598,402.829846615,404.266677856,401.849563598,ADM2,UGA_ADM2_1_3_3_108,PALLISA,ADM2,2,108,UGA,UG-210,108
109,400.112533187,400.791671753,398.201479398,404.883531242,405.647317796,403.412298584,408.090301012,408.431594849,407.635814135,403.021660663,403.490081787,402.203964233,ADM2,UGA_ADM2_1_3_3_109,KIBUKU,ADM2,2,109,UGA,UG-227,109
110,398.665239109,400.077438817,397.069417318,405.966811423,408.247969194,402.66671317,407.182748906,408.289627075,404.884033203,404.198574858,405.652030945,403.010892334,ADM2,UGA_ADM2_1_3_3_110,KABERAMAIDO,ADM2,2,110,UGA,UG-213,110
111,398.676508675,400.703590393,396.512908936,403.92679683,406.652648926,401.885326567,408.318172087,410.154422336,405.06560262,402.892646615,404.848175049,401.004203695,ADM2,UGA_ADM2_1_3_3_111,AGAGO,ADM2,2,111,UGA,UG-322,111
112,399.203051001,402.443566217,398.31607888,404.909882342,406.123915061,403.609461004,405.893363737,406.569573975,404.570396423,402.718328276,403.770507159,400.481994629,ADM2,UGA_ADM2_1_3_3_112,KAGADI,ADM2,2,112,UGA,,112
113,399.356807637,399.992405924,398.887075515,406.233521811,406.50352139,405.179129963,405.823510436,406.229829823,405.54119873,402.339980081,402.76055888,401.477538146,ADM2,UGA_ADM2_1_3_3_113,KIBAALE,ADM2,2,113,UGA,UG-407,113
114,403.044457613,404.296020508,399.875773112,405.697224408,406.475785573,404.985601252,408.026623126,409.273376465,406.397581312,406.168420145,408.1456604,403.208863576,ADM2,UGA_ADM2_1_3_3_114,GULU,ADM2,2,114,UGA,UG-304,114
115,399.224801181,399.747440137,398.896554746,404.40182237,405.290059743,403.979404273,406.935837617,408.04989624,405.878849575,404.176327569,405.38696696,403.089470334,ADM2,UGA_ADM2_1_3_3_115,RUBANDA,ADM2,2,115,UGA,,115
